participantId,valid,code,errorMessage,TOML error: Found invalid character in key name: '4'. Try quoting the key name. (line 1 column 11 char 10); JSON fallback: Unexpected text after end of JSON value,TOML error: Found invalid character in key name: '4'. Try quoting the key name. (line 1 column 12 char 11); JSON fallback: Unexpected text after end of JSON value,TOML error: Found tokens after a closed string. Invalid TOML. (line 1 column 1 char 0); JSON fallback: Unexpected text after end of JSON value,TOML error: Key group not on a line by itself. (line 9 column 1 char 105); JSON fallback: Unexpected text after end of JSON value,TOML error: Key name found without value. Reached end of line. (line 2 column 14 char 35); JSON fallback: Unexpected text after end of JSON value,TOML error: Key name found without value. Reached end of line. (line 2 column 15 char 35); JSON fallback: Unexpected text after end of JSON value,TOML error: Key name found without value. Reached end of line. (line 5 column 15 char 85); JSON fallback: Unexpected text after end of JSON value,TOML error: Unbalanced quotes (line 4 column 15 char 51); JSON fallback: Unexpected text after end of JSON value,TOML error: could not convert string to float: '4.4.7' (line 1 column 1 char 0); JSON fallback: Unexpected text after end of JSON value
659960f32faa4ff4b116de92,False,"version = 4.4.7
[repository]
type = ""git""
[repository.author]
name = ""Alice""
isMember= true
[engines]
pnpm = "">=8""
keywords = [""canvas"", ""responsive"", ""charts""]
",TOML error: could not convert string to float: '4.4.7' (line 1 column 1 char 0); JSON fallback: Unexpected text after end of JSON value,0.0,0.0,0.0,0.0,0.0,0.0,0.0,0.0,1.0
67b8636acd5ed420cc098b64,False,"version = ""4-4-7""
(repository)
(repository.author)
middle _name =""""
Ismember =true 

(repository.type)
git = """"

(engines)
pnpm = "">8""

keywords = {""canvas"",""responsive"",""charts""}",TOML error: Key name found without value. Reached end of line. (line 2 column 15 char 35); JSON fallback: Unexpected text after end of JSON value,0.0,0.0,0.0,0.0,0.0,1.0,0.0,0.0,0.0
67d1cc8044430e99a7d91b4a,False,"version = ""4.4.7""

[resposity] 
type = ""git
author.middle-name= ""same"" 
author.isMember = true

[engines] 
npm = "">=8""

keywords = [""canvas"",""responsive"",""charts""]
",TOML error: Unbalanced quotes (line 4 column 15 char 51); JSON fallback: Unexpected text after end of JSON value,0.0,0.0,0.0,0.0,0.0,0.0,0.0,1.0,0.0
67d03135f855dd0ff0994265,False,"version =''4.4.7''
repository= ''github.com/user/repo''
engines =[''1.4.0''] pnp
processing =''3.5.4'' 
name=''John Ban''
email= ''John.Ban@outmail.com
keywords =[''canvas'', ''responsive'',''charts'']",TOML error: Found tokens after a closed string. Invalid TOML. (line 1 column 1 char 0); JSON fallback: Unexpected text after end of JSON value,0.0,0.0,1.0,0.0,0.0,0.0,0.0,0.0,0.0
5e5c993cd0394c474f7cc502,False,"version = 4.4.7
[[repository]]
[author]
middle name = 
IsMember = true
[type]
type = git
 
engines = { pnpm >=8 }

keywords = [""canvas"", ""responsive"", ""charts""]",TOML error: could not convert string to float: '4.4.7' (line 1 column 1 char 0); JSON fallback: Unexpected text after end of JSON value,0.0,0.0,0.0,0.0,0.0,0.0,0.0,0.0,1.0
5b3ec4332a5fbf00014eae57,False,"version = ""4.4.7""

[[repository]]
[author]
middleName = """"
isMember = true

[[repository]]
[type] = ""git""

[engines]
pnpm = "">=8""

keywords = [""canvas"", ""responsive"", ""charts""]",TOML error: Key group not on a line by itself. (line 9 column 1 char 105); JSON fallback: Unexpected text after end of JSON value,0.0,0.0,0.0,1.0,0.0,0.0,0.0,0.0,0.0
6682a94b061954ae8483fb08,True,"version = ""4.4.7""

[repository]

[repository.author]
middle_name = """"
IsMember = true

[repository.type]
type = ""git""

[engines]
pnpm = "">=8""

keywords = [""canvas"", ""responsive"", ""charts""]",,,,,,,,,,
67bf5ad9c5a4637861cfd21e,False,"version="" 4.4.7""
respiratory
url=
engines= [""gears"", ""sprockets""]
keywords= [ ""canvas"", ""responsive"",""charts""]
author
middle- name= true
Is-Member= true",TOML error: Key name found without value. Reached end of line. (line 2 column 14 char 35); JSON fallback: Unexpected text after end of JSON value,0.0,0.0,0.0,0.0,1.0,0.0,0.0,0.0,0.0
66311bae532a469f4858933e,False,"version = 4.4.7

[repository]
author ={ middle_name = """", IsMember = true }
type = git
[engines]
pnpm = >=8

keywords = [""canvas"", ""responsive"", ""charts""]",TOML error: could not convert string to float: '4.4.7' (line 1 column 1 char 0); JSON fallback: Unexpected text after end of JSON value,0.0,0.0,0.0,0.0,0.0,0.0,0.0,0.0,1.0
611d0afbb2a19acfd012545b,True,"Version=""4.4.7""

[Repository.author]

middle_name=""""

isMember=true

[Engines]

pnppm="">=8""

type=""git""

[keyword]

canvas=""""

responsive=""""

charts=""""",,,,,,,,,,
606c7d27f4f3ae688332a55d,False,"version = 4.4.7

engines = {pnpm >= 8}

keywords={canvas, responsive, charts}

repository={author, type}

repository.author = {middle_name, IsMember = True)

repository.type = {git}",TOML error: could not convert string to float: '4.4.7' (line 1 column 1 char 0); JSON fallback: Unexpected text after end of JSON value,0.0,0.0,0.0,0.0,0.0,0.0,0.0,0.0,1.0
67d0251c804fc17732eb948a,False,"version: ""4.4.7""
repository:""git
[author]
middle name =
IsMember = true
 [engines]
 pn = "">=8""
[keywords]
   tags = ""canvas"", ""responsive"", ""charts""
   ",TOML error: Found invalid character in key name: '4'. Try quoting the key name. (line 1 column 12 char 11); JSON fallback: Unexpected text after end of JSON value,0.0,1.0,0.0,0.0,0.0,0.0,0.0,0.0,0.0
67d11644421446068e1fec14,False,"version ""4.4.7""

[keywords]
values = [""canvas"", ""responsive"", ""charts""]

[engines.pnpm]
version = "">=8""

[repository]
type = ""git""

[repository.author]
middle_name = """"
isMember = true",TOML error: Found invalid character in key name: '4'. Try quoting the key name. (line 1 column 11 char 10); JSON fallback: Unexpected text after end of JSON value,1.0,0.0,0.0,0.0,0.0,0.0,0.0,0.0,0.0
65feaaac53eb219f09ad5ea0,False,"version = 44.7

keywords = (""canvas"", ""responsive"", ""charts"")

(repository)
type = ""git""
url = 

(author)
middle name = John
IsMember-true

engines = >=8 
",TOML error: Key name found without value. Reached end of line. (line 5 column 15 char 85); JSON fallback: Unexpected text after end of JSON value,0.0,0.0,0.0,0.0,0.0,0.0,1.0,0.0,0.0
60e2bf0aa568b97e8d525872,True,"version = ""4.4.7""

[keywords]
keywords = [""canvas"", ""responsive"", ""charts""]

[engines]
pnpm = "">=8""

[repository]
type = ""git""

[repository.author]
""middle name"" = """"
Ismember = true",,,,,,,,,,
